time,omega,omega_meas,tau_load
0,0,0.26883356977305,0
0.001,0,0.916942507297543,0
0.002,0,-1.12942343050182,0
0.003,0,0.43108666018406,0
0.004,0,0.15938261992949,0
0.005,0,-0.653844148152637,0
0.006,0,-0.216796011152842,0
0.007,0,0.171312233269325,0
0.008,0,1.78919846986288,0
0.009,0,1.38471851494244,0
0.01,0,-0.674943470078261,0
0.011,0,1.51746173316593,0
0.012,0,0.362702112473053,0
0.013,0,-0.0315274365948281,0
0.014,0,0.357371451913048,0
0.015,0,-0.102483029149887,0
0.016,0,-0.062072174108156,0
0.017,0,0.744848803892732,0
0.018,0,0.70451724490024,0
0.019,0,0.708596206714807,0
0.02,0,0.33574856680404,0
0.021,0,-0.603743461342519,0
0.022,4.8,5.15861932566442,0
0.023,4.7952,5.61031764458236,0
0.024,9.5808048,9.82525168515589,0
0.025,9.5712335952,10.0885801001589,0
0.026,14.3424911520048,14.7059337186964,0
0.027,14.3281774032624,14.1764569408694,0
0.028,19.0851355011455,19.2320712346939,0
0.029,19.0661077355515,18.6724663336721,0
0.03,23.8088139869065,24.2530118027854,0
0.031,23.7851005983579,23.2115655448733,0
0.032,28.5136024443475,27.9791672152634,0
0.033,28.4852316941185,28.080482346906,0
0.034,33.1995764053203,31.7274343243228,0
0.035,33.1665764226308,33.8857665690384,0
0.036,37.8668110996817,38.0294063694098,0
0.037,37.8292098822632,37.4517457226784,0
0.038,42.5153814565004,43.200530726548,0
0.039,42.4732068711599,41.6174486617331,0
0.04,47.1453621052597,47.094240882217,0
0.041,47.0986418884412,46.9779183676375,0
0.042,51.7568273770555,51.9164307466383,0
0.043,51.7055891353988,51.8620184337175,0
0.044,56.3498513057889,55.9174113471267,0
0.045,56.2941225166868,56.2790968685887,0
0.046,60.9245076293549,60.8420681197504,0
0.047,60.8643156415074,61.1781692852718,0
0.048,65.4808697908253,66.0275026253451,0
0.049,65.4162418247921,65.9708784735993,0
0.05,70.019010939628,69.5871845286337,0
0.051,69.949974088378,69.9886536339433,0
0.052,74.5390039327208,73.9319454109131,0
0.053,74.4655851621802,73.9088347914368,0
0.054,79.0409213357604,79.0374966717088,0
0.055,78.9631474853579,79.7294626395003,0
0.056,83.5248354242678,83.140002467391,0
0.057,83.4427332074775,83.6284226138576,0
0.058,87.9908181847875,87.8780259836519,0
0.059,87.9044141896703,88.4630922590776,0
0.06,92.4389413160435,91.8944091685174,0
0.061,92.3482620057853,92.3645407378677,0
0.062,96.8692762300895,97.1455397406456,0
0.063,96.7743479435378,97.3246530524782,0
0.064,101.281894053456,102.054000001208,0
0.065,101.182743005654,101.225708572241,0
0.066,105.67686562829,104.931070472971,0
0.067,105.573517911008,105.202366992379,0
0.068,100.454261513494,99.9234706468338,0
0.069,100.356343095762,101.531571707763,0
0.07,104.852542385858,104.544741445124,0
0.071,104.750421524089,105.124459915941,0
0.072,101.941918185851,101.845708930557,0
0.073,102.765844298795,103.210149511505,0
0.074,106.333326586994,105.95090196871,0
0.075,107.151213439312,106.450078954642,0
0.076,101.107175393794,100.395987431248,0
0.077,101.9286526236,102.17274957853,0
0.078,105.501925214989,105.41323763668,0
0.079,106.317364740514,106.21933799661,0
0.08,100.279102074604,100.988757149925,0
0.081,101.098133544218,101.24392573121,0
0.082,104.677166634836,104.776072161568,0
0.083,105.49016197695,106.284011521937,0
0.084,102.296401754071,101.894168775896,0
0.085,100.271395089265,100.61970729719,0
0.086,106.689241153719,107.106785236256,0
0.087,104.663891662844,104.542034092655,0
0.088,101.464509538595,101.572344581797,0
0.089,102.719894461173,102.136972495431,0
0.09,105.857396115518,105.283419726069,0
0.091,107.105877381673,107.158314739682,0
0.092,100.63271804979,100.993845065903,0
0.093,101.883927031479,103.176672657787,0
0.094,105.028935968609,104.695490633258,0
0.095,106.273246314416,106.366911826705,0
0.096,100.48984494015,100.448597727464,0
0.097,101.053936730532,100.087425271607,0
0.098,104.887321468599,104.667838391631,0
0.099,105.445887598872,104.548548178144,0
0.1,100.861674067777,101.281861832654,0
0.101,100.228688262008,99.7846722208431,0
0.102,105.258860357311,105.308906773881,0
0.103,104.622743336864,104.350478871869,0
0.104,100.038461032903,100.190221430227,0
0.105,102.208959395298,101.908796114231,0
0.106,104.436136690409,104.681119350996,0
0.107,106.597896380422,106.967577942224,0
0.108,102.596221362971,103.452165254462,0
0.109,101.375506469918,101.278444702039,0
0.11,106.987057192412,105.917879557692,0
0.111,105.764392893316,105.344598519647,0
0.112,101.760331627942,102.437628791944,0
0.113,100.545339383008,100.009261738816,0
0.114,106.154505293675,106.634982228545,0
0.115,104.937548859565,104.999573759567,0
0.116,100.931104228934,101.649452540294,0
0.117,100.571960620279,99.5915106205968,0
0.118,105.327738955627,105.22888984264,0
0.119,104.964916999463,104.360994256833,0
0.12,100.106790821761,101.560794837126,0
0.121,100.259859613838,100.672469060952,0
0.122,104.506210589682,105.19569657864,0
0.123,104.654573824406,104.125483695413,0
0.124,101.581867685735,101.347559895184,0
0.125,101.354295399139,101.218060694514,0
0.126,105.975767787278,106.524980096223,0
0.127,105.744256745154,105.60532077876,0
0.128,100.752096227171,101.102866956253,0
0.129,100.526271878691,99.5003637287357,0
0.13,105.149313666611,104.972388667724,0
0.131,104.919543749389,104.50775048681,0
0.132,99.928946181862,99.1404176704624,0
0.133,100.073052894742,100.327040220195,0
0.134,104.329086290422,104.470078322257,0
0.135,104.468504649767,104.48524459089,0
0.136,101.940223359558,101.273384387844,0
0.137,101.751636405524,102.315382544694,0
0.138,106.332651053074,106.507740758376,0
0.139,106.140048845254,105.990515830087,0
0.14,101.10751305107,101.118957947445,0
0.141,100.920521185667,100.789523468184,0
0.142,105.503269990731,104.628163806507,0
0.143,105.312256352119,105.169430866322,0
0.144,100.281447924406,99.8657646686226,0
0.145,100.096038135139,99.6064349825549,0
0.146,104.680507542498,104.102306714666,0
0.147,104.491069513191,104.224290958533,0
0.148,100.115271736517,99.1139538685755,0
0.149,101.310448014146,101.792562725462,0
0.15,104.513615473293,104.773645524021,0
0.151,105.70200305463,105.691989128809,0
0.152,100.815955903452,100.798570360438,0
0.153,100.484081089563,100.084999297281,0
0.154,105.213023954652,105.722366595716,0
0.155,104.87741582234,104.810807082586,0
0.156,99.9925074669657,99.6352423850721,0
0.157,99.6627910674058,100.338483951619,0
0.158,104.392867153497,104.280481625471,0
0.159,104.05940982705,103.76489531169,0
0.16,100.936856703003,100.789979904136,0
0.161,102.740568176879,102.31660505506,0
0.162,105.331305564717,104.771241414095,0
0.163,107.127015166784,108.390015012843,0
0.164,100.108184632856,100.9359334293,0
0.165,101.905525936651,102.05929351627,0
0.166,104.505954553021,103.877395373345,0
0.167,106.295303404288,105.86256938901,0
0.168,100.427748490495,100.339481433379,0
0.169,101.075989745584,101.471697776399,0
0.17,104.825389255278,104.15938704462,0
0.171,105.467936387092,104.30300280919,0
0.172,99.6054451511246,98.8808965047052,0
0.173,100.25192713278,100.418682549313,0
0.174,104.006376888538,104.202053690755,0
0.175,104.647164974493,104.873004683957,0
0.176,102.094242741358,102.029100414785,0
0.177,99.7966154727511,99.888460020682,0
0.178,106.488163397661,106.250086889352,0
0.179,104.190737462935,104.621748268714,0
0.18,101.264508170006,100.58366093457,0
0.181,101.792648347409,102.020163125631,0
0.182,105.658921997148,105.234567307181,0
0.183,106.18161148037,106.014168010888,0
0.184,100.435763619676,100.712155292649,0
0.185,100.962630882309,101.482176209061,0
0.186,104.833493697935,104.274674356302,0
0.187,105.354909495964,105.985238850525,0
0.188,99.6136383073452,99.9437098778687,0
0.189,100.139231129169,100.105298352398,0
0.19,104.014658161294,103.917047562345,0
0.191,104.53479877762,104.425995602549,0
0.192,101.5744180517,101.422864241024,0
0.193,99.7854361990759,99.7969590112884,0
0.194,105.969909361346,105.99555453927,0
0.195,104.180109981117,104.593141376223,0
0.196,100.747819523281,101.511307866647,0
0.197,101.321977313728,101.555434531571,0
0.198,105.144254087397,105.039397418203,0
0.199,105.7128671277,106.025462306243,0
0.2,99.9231084580071,100.014722089508,0
0.201,100.495805417859,99.9809216460752,0
0.202,104.322843327215,104.797454242781,0
0.203,104.889995158278,105.043526117851,0
0.204,100.008103072153,100.075690543203,0
0.205,99.6753170697308,99.9329402374932,0
0.206,104.408403445867,104.539106607894,0
0.207,104.071882715076,103.601139829598,0
0.208,99.4860009954957,99.4048321590938,0
0.209,101.303921246114,101.230893928948,0
0.21,103.886239071263,103.620233382859,0
0.211,105.696123243304,106.537175040636,0
0.212,101.702197161325,101.264332488245,0
0.213,100.477332676413,100.235425151358,0
0.214,106.096613237165,105.740610962651,0
0.215,104.869804065147,104.282697899418,0
0.216,100.873453593388,100.777333834618,0
0.217,99.6543211993577,99.5172860843914,0
0.218,105.271178911408,106.036215168621,0
0.219,104.050087056848,103.925574685591,0
0.22,100.051315287617,99.5192085811727,0
0.221,101.145388339511,101.947116988571,0
0.222,104.450015953415,105.06735552686,0
0.223,105.537502158539,105.422688933057,0
0.224,99.2311284033963,98.4780485514064,0
0.225,100.32165852366,100.099344615437,0
0.226,103.633113359662,103.5551428418,0
0.227,104.717060434729,104.855094561695,0
0.228,102.212912414884,102.082330591996,0
0.229,99.5006963410103,99.7224072974624,0
0.23,106.606772981299,106.802720086015,0
0.231,103.895587479006,103.270248025593,0
0.232,101.383057074876,100.90907661371,0
0.233,101.598496255832,101.227943208862,0
0.234,105.777309407395,105.523400632256,0
0.235,105.987923457657,105.827635704357,0
0.236,100.553989555715,100.560224076396,0
0.237,100.769405697729,99.2548170270265,0
0.238,104.951558181351,104.723050860915,0
0.239,105.162145922454,105.783370125649,0
0.24,99.7315413608841,99.1981906613917,0
0.241,99.9469279433258,100.413792024661,0
0.242,104.132399808858,104.307560309536,0
0.243,104.342954759687,104.328451877833,0
0.244,99.657963318306,99.749189402059,0
0.245,99.1738589854531,98.3913309783777,0
0.246,104.059815569366,104.017545829457,0
0.247,103.572277592927,104.374250768229,0
0.248,99.8068943079951,99.8560681953151,0
0.249,102.263900891068,102.284587697813,0
0.25,104.20520972418,103.838125167832,0
0.251,106.652903978671,106.637497113665,0
0.252,99.4177828298057,99.5339563361179,0
0.253,101.433527483905,101.646721262609,0
0.254,103.818095953832,103.631691582971,0
0.255,105.825408805499,105.707181513621,0
0.256,100.810677681537,101.822523124838,0
0.257,100.607121901401,99.4779449161533,0
0.258,105.207638526591,106.322361366819,0
0.259,105.000092897171,105.168874747477,0
0.26,99.9870155181139,100.487045927908,0
0.261,99.785105602961,98.9530233654674,0
0.262,104.387269365957,104.092252083854,0
0.263,104.181363016786,104.042330934903,0
0.264,99.1699261948419,99.3812840404522,0
0.265,99.3643056598931,98.5292053109679,0
0.266,103.573052110598,103.808869273806,0
0.267,103.762639690803,103.156216090966,0
0.268,101.332243384229,101.365338408442,0
0.269,100.940044187116,101.266222131447,0
0.27,105.72730660989,105.890836593478,0
0.271,105.331496747945,105.872813500063,0
0.272,100.504793193312,101.007831748721,0
0.273,100.114997464507,99.7895435962086,0
0.274,104.903163816268,105.031691894984,0
0.275,104.509749308298,104.037560405096,0
0.276,99.6839445755104,99.0230503148141,0
0.277,99.2965361157973,99.7589490825441,0
0.278,104.085596205668,104.085621130206,0
0.279,103.694560911244,103.66710145394,0
0.28,98.9206409735314,99.3762046063583,0
0.281,100.971793106365,101.269084955069,0
0.282,103.322907257504,103.498007844442,0
0.283,105.365554819788,105.990680433941,0
0.284,102.146709410509,102.611604139787,0
0.285,100.147311445918,100.267193074448,0
0.286,106.540121970831,106.194941419276,0
0.287,104.54032938961,104.214552568735,0
0.288,101.315961275529,101.912012210795,0
0.289,99.3253924401655,98.5194772458266,0
0.29,105.712687999262,105.700457030944,0
0.291,103.721703574846,102.747279986396,0
0.292,100.49182823169,101.002077238916,0
0.293,100.701253613071,101.132111764267,0
0.294,104.889651493382,104.890232535123,0
0.295,105.094260200738,105.058841594158,0
0.296,99.6698882787007,98.426746318349,0
0.297,99.8793075318572,100.169893693195,0
0.298,104.070999306333,102.97478184635,0
0.299,104.275598609955,103.115958456634,0
0.3,98.8545107098037,98.894477564953,0
0.301,99.0639173034156,98.5896768116303,0
0.302,103.258883260371,103.464628571083,0
0.303,103.463466668245,103.801955571087,0
0.304,101.729855669946,102.158721942549,0
0.305,101.27704548745,100.931465924759,0
0.306,106.123389057449,106.348077869032,0
0.307,105.667090961931,105.717407637088,0
0.308,100.899351799315,101.31238679855,0
0.309,100.449190337245,100.717268877208,0
0.31,105.296204553579,105.745148766572,0
0.311,104.84254656168,104.776577627718,0
0.312,100.075473393357,100.001872665281,0
0.313,99.6279434486018,100.131830151254,0
0.314,104.475619029728,103.413791298521,0
0.315,104.024583999226,103.772290796469,0
0.316,99.25816758864,98.6228703637356,0
0.317,98.8132520796399,98.6219596782861,0
0.318,103.661579833794,103.985919464819,0
0.319,103.213150743567,103.626014318188,0
0.32,99.6559278180385,99.1484559966984,0
0.321,101.952090866146,101.716555909805,0
0.322,104.055007943718,104.123520380783,0
0.323,106.342179585604,106.196247897727,0
0.324,98.8365007403015,98.987410017932,0
0.325,101.124316546107,101.324282017585,0
0.326,103.238866921534,102.773886142064,0
0.327,105.517704729547,105.429289596582,0
0.328,101.434940378051,100.368893078471,0
0.329,100.29971667498,100.87239753024,0
0.33,105.830335840242,105.515790459745,0
0.331,104.692987189115,104.091062202114,0
0.332,100.608151845533,100.481179503821,0
0.333,99.4783000757023,98.7639766433863,0
0.334,105.00684908992,104.996420281069,0
0.335,103.874858326385,103.594525828121,0
0.336,99.7879536843241,100.876843038916,0
0.337,98.9520122078805,99.5212449015453,0
0.338,104.189637811063,102.941194559471,0
0.339,103.350966533446,103.57162999931,0
0.34,98.9737179310966,98.274648993191,0
0.341,100.957827639812,100.830300049871,0
0.342,103.375838949663,103.458040986323,0
0.343,105.351578317942,105.725445332347,0
0.344,100.493143393353,100.356619918651,0
0.345,100.135030439595,100.923180512868,0
0.346,104.891528932733,104.651060356844,0
0.347,104.529733819344,104.693489879759,0
0.348,99.6723246121156,100.004691672429,0
0.349,99.3164722932736,99.3590665896342,0
0.35,104.073991165986,104.514467558677,0
0.351,103.714448885228,103.876055454152,0
0.352,98.8580547436028,98.4659816517708,0
0.353,99.2001541853282,98.2974675096352,0
0.354,103.262280425187,104.191576899465,0
0.355,103.599291442347,103.29702639796,0
0.356,100.550071548571,100.601751409727,0
0.357,99.5405842746185,99.8221677521915,0
0.358,104.948880749651,105.005679248018,0
0.359,103.937013641045,103.484650534646,0
0.36,99.7300970937611,99.4962398025352,0
0.361,98.7254725030281,98.6630275294166,0
0.362,104.132181329977,104.871660575729,0
0.363,103.125163904189,102.694756059186,0
0.364,98.9166596220826,99.3089938557266,0
0.365,101.427658415638,101.581969985612,0
0.366,103.318481984801,103.201551963736,0
0.367,105.820056958406,105.291570585426,0
0.368,100.320490641893,100.17842016458,0
0.369,100.602276296889,100.558931155659,0
0.37,104.71892689367,103.984229356427,0
0.371,104.995750541105,105.09184166354,0
0.372,99.4997743624479,99.0886277243028,0
0.373,99.7812635151189,99.7341432211391,0
0.374,103.901493775845,104.069600446323,0
0.375,104.178018230798,103.725691201174,0
0.376,98.6856112762871,98.5414830956843,0
0.377,98.966798564829,99.1418299435961,0
0.378,103.090587643893,102.172658072641,0
0.379,103.366807581491,103.884795535613,0
0.38,100.76629789992,101.978528472389,0
0.381,100.014278837731,100.493979092435,0
0.382,105.163984727382,105.006098729877,0
0.383,104.409072016491,104.62338335642,0
0.384,99.9440837011835,99.4260913119268,0
0.385,99.19590071674,100.134833446988,0
0.386,104.345055549363,104.815407751039,0
0.387,103.59396795904,103.987640849008,0
0.388,99.1284264147561,98.6904892837777,0
0.389,99.0349980565981,99.1949726237893,0
0.39,103.532006137455,103.25285899503,0
0.391,103.434361056291,103.278646347017,0
0.392,98.7369614205563,98.4519564622352,0
0.393,99.5576537857321,99.0447869779177,0
0.394,103.141192882509,102.686820089072,0
0.395,103.955839631492,103.850890964465,0
0.396,100.343510608488,99.4940785664021,0
0.397,98.7436286019894,99.0474288899124,0
0.398,104.743736448061,104.684837303427,0
0.399,103.142653979735,103.492234146557,0
0.4,99.526362584737,99.6611869055953,0
0.401,100.75125977715,100.99840330484,0
0.402,103.927032237206,103.185471725948,0
0.403,105.145078965581,104.63494677274,0
0.404,98.7101060615284,98.4866085561562,0
0.405,99.9309336226231,99.9857629182869,0
0.406,103.114044809721,103.678413035735,0
0.407,104.328026776945,104.183045256545,0
0.408,100.271513074397,100.902288433467,0
0.409,99.1147711835403,99.3524835893939,0
0.41,104.67158376399,105.258642139737,0
0.411,103.512755286226,103.576228820247,0
0.412,99.4540562574117,99.1256482929377,0
0.413,98.9955564731042,98.2548569373148,0
0.414,103.856698532166,103.934443030118,0
0.415,103.394713105153,103.803988789413,0
0.416,98.6417337234647,98.4954396580475,0
0.417,99.3421970977195,99.0718038894753,0
0.418,103.046466325197,102.892145417557,0
0.419,103.741124040101,103.192827389338,0
0.42,100.304200130655,100.057695222996,0
0.421,98.5295964678502,98.4392267896427,0
0.422,104.704757933795,104.727678486652,0
0.423,102.929302920513,102.897411360502,0
0.424,99.4877143570729,99.7933819541055,0
0.425,101.223341258433,101.278000105321,0
0.426,103.888027872743,104.795035597883,0
0.427,105.615783206785,105.77179512095,0
0.428,98.6707480059182,99.5729948917803,0
0.429,100.400265109159,100.038704369374,0
0.43,103.074335496791,103.337609015666,0
0.431,104.795989978335,104.665864547482,0
0.432,100.068912886809,100.368984141213,0
0.433,99.5815330955128,99.8784984933372,0
0.434,104.469124615053,103.376113808679,0
0.435,103.978319371611,103.314797796851,0
0.436,99.2517389218362,98.5312321230168,0
0.437,98.7671326745746,98.9680549230945,0
0.438,103.655216572396,104.39031721282,0
0.439,103.167176059978,103.003768945585,0
0.44,98.441083746619,98.8472452489394,0
0.441,99.8424866668465,100.11525671861,0
0.442,102.845918008712,102.320101853952,0
0.443,104.240113288837,104.438846786735,0
0.444,100.762241546873,100.386294177532,0
0.445,99.0266307074239,99.7847641557469,0
0.446,105.160928191524,105.144644936927,0
0.447,103.42438988711,104.242389715749,0
0.448,99.9420210170628,99.7294917717578,0
0.449,98.7987706383283,99.0934873216874,0
0.45,104.343396183373,104.312000570514,0
0.451,103.19803093023,102.187051465204,0
0.452,99.1271679638929,98.6361022010034,0
0.453,99.5837609029555,99.890016552039,0
0.454,103.530202699098,103.502759634104,0
0.455,103.981479417548,103.422113416321,0
0.456,98.3156306115835,98.0024413421499,0
0.457,98.7712193486833,98.8959782189647,0
0.458,102.7219125004,102.225402997125,0
0.459,103.172183778137,103.659658890543,0
0.46,100.915698386823,100.59534363346,0
0.461,99.4338392970502,100.33827060731,0
0.462,105.313517452365,104.773584326996,0
0.463,103.830224261707,103.929818983744,0
0.464,100.093746675747,99.333233394862,0
0.465,98.6186398422459,98.2568242796013,0
0.466,104.494846795877,104.198221638372,0
0.467,103.018289075923,103.218957245833,0
0.468,99.2783439664135,99.7494106260319,0
0.469,100.087012026324,100.237255010121,0
0.47,103.680421922488,103.493886593172,0
0.471,104.483070568322,104.890814822368,0
0.472,98.4648975861521,98.8643410822305,0
0.473,99.271156459031,99.3312591000092,0
0.474,102.870231736935,103.155855551792,0
0.475,103.670472757917,103.876870763073,0
0.476,100.086378783061,99.5928978413853,0
0.477,98.4593749608602,98.8391591238176,0
0.478,104.487660271751,104.159059622202,0
0.479,102.859509175706,102.557549935018,0
0.48,99.27133778176,99.3598111929247,0
0.481,100.560789008538,100.407037273607,0
0.482,103.672962979406,103.607052802948,0
0.483,104.955433678533,105.253112515475,0
0.484,98.4569886567894,98.980405048942,0
0.485,99.7421103888406,99.6431310725347,0
0.486,102.86187558043,103.025714662384,0
0.487,104.140022182094,104.020871429799,0
0.488,99.9764409965195,100.09123944313,0
0.489,98.9276256745509,99.1476246269622,0
0.49,104.377584047855,104.069151083411,0
0.491,103.326465213479,103.463883606935,0
0.492,99.1611248304984,99.4616758467325,0
0.493,98.4312746142269,98.4774285898464,0
0.494,103.565210181393,104.430130877179,0
0.495,102.832415580203,102.528136857834,0
0.496,98.3516821352682,97.9831522494193,0
0.497,100.338032063546,99.4630924103526,0
0.498,102.756289056799,103.211530346622,0
0.499,104.734261678299,105.167802954773,0
0.5,100.306818765189,100.26687234566,0
0.501,99.5197520744989,99.9689900691874,0
0.502,104.706378556819,104.798230268364,0
0.503,103.916486439719,104.061881507161,0
0.504,99.4883429347086,99.5448152932191,0
0.505,98.7052486374647,98.9252247319009,0
0.506,103.891172657267,103.942003879117,0
0.507,103.105241718895,104.498909332802,0
0.508,98.6763938975763,98.093061382479,0
0.509,99.0527008851327,98.1255513437878,0
0.51,103.081312014998,102.510971442664,0
0.511,103.452461470462,102.905789742342,0
0.512,98.6541571474569,98.4373524992195,0
0.513,98.2434499289035,98.1592149897657,0
0.514,103.059951226086,102.950684446072,0
0.515,102.645659627891,102.91632684575,0
0.516,98.6275819728569,98.8222150747785,0
0.517,100.786632011345,101.162246503689,0
0.518,103.030912594927,103.920040544572,0
0.519,105.181241202716,105.792772478583,0
0.52,98.9476022410999,98.3059741887975,0
0.521,99.9667498768668,98.8022726187252,0
0.522,103.3507926845,103.801758417976,0
0.523,104.363498834552,103.445679492684,0
0.524,98.1363768076117,98.1697552633301,0
0.525,99.1522719612405,99.1700117041593,0
0.526,102.542815405228,103.656399444312,0
0.527,103.552272329952,103.51766520294,0
0.528,100.672044484161,100.418382951853,0
0.529,98.3409434684775,98.4588483047656,0
0.53,105.07168740724,105.194589833187,0
0.531,102.740848950665,102.775871555373,0
0.532,99.8537314960673,99.5494412410274,0
0.533,100.351374966261,99.7400782761672,0
0.534,104.253818926613,104.412069107012,0
0.535,104.746067022435,104.074632404124,0
0.536,99.0363114028106,98.5202192307745,0
0.537,99.532792509965,100.198400452497,0
0.538,103.439669676092,103.230218078577,0
0.539,103.930754462759,103.860593601731,0
0.54,98.2254199126012,98.6753310770498,0
0.541,98.7207367794581,98.5706812766503,0
0.542,102.632022916084,103.146705772135,0
0.543,103.121942546204,102.94940956042,0
0.544,100.012297911606,100.518698843738,0
0.545,98.36517650206,98.6798437945257,0
0.546,104.413895841369,104.307388300049,0
0.547,102.765667076712,102.332818422532,0
0.548,99.1978884867685,98.6763343360997,0
0.549,99.9504060820184,99.8153716756943,0
0.55,103.600344415226,103.381273737425,0
0.551,104.346954519357,104.142617361959,0
0.552,98.3851964274612,98.8769690450639,0
0.553,99.1355284593716,98.9866798873669,0
0.554,102.790905309719,103.362744765105,0
0.555,103.535330968684,103.26952090993,0
0.556,99.24060719431,99.7268900583143,0
0.557,98.3254843685834,98.0643591260866,0
0.558,103.644559888358,103.73284878568,0
0.559,102.726863355589,103.212232267367,0
0.56,98.4308993453378,98.2239132078507,0
0.561,99.8846504488728,99.6655151897703,0
0.562,102.835721996853,103.837417302284,0
0.563,104.282160775529,104.757657525304,0
0.564,99.0446485204785,98.8286465986147,0
0.565,99.0702696446822,99.394740013364,0
0.566,103.448444305272,103.268406154695,0
0.567,103.469610391443,103.822552901118,0
0.568,98.2346293619652,98.9425538961835,0
0.569,98.2609669309066,97.4587090966081,0
0.57,102.641664506948,103.156091041449,0
0.571,102.663542365607,103.392526255938,0
0.572,99.5955927237979,99.6193283854353,0
0.573,99.9203301533117,100.793458508371,0
0.574,103.996885615473,104.074579372574,0
0.575,104.316572277236,103.698012434905,0
0.576,98.7805783863496,97.6838312469323,0
0.577,99.1048419820182,98.9381384483863,0
0.578,103.185131809208,103.541903460491,0
0.579,103.504342324263,103.66304619088,0
0.58,97.9720720714566,98.1788772666032,0
0.581,98.2958572252187,98.0073144333997,0
0.582,102.379859998017,102.451860898719,0
0.583,102.698589793545,101.879256928578,0
0.584,100.536074536627,100.156029537309,0
0.585,99.6119030801769,99.2025065320517,0
0.586,104.934854409937,105.194718854004,0
0.587,104.008132516526,104.001052486978,0
0.588,99.7160417141906,99.1382770300469,0
0.589,98.7963920772626,98.7916296192135,0
0.59,104.118097196971,103.773191928155,0
0.591,103.195884803834,102.862535227033,0
0.592,98.902547020576,99.3346217311585,0
0.593,97.9873946024018,98.0441043205152,0
0.594,103.307851984912,103.507033407995,0
0.595,102.39012456661,102.832109511727,0
0.596,98.0955383043905,98.185667151384,0
0.597,100.797722656114,101.073149917143,0
0.598,102.500453966821,102.841936104877,0
0.599,105.192829034179,105.778133364197,0
0.6,100.072993754163,100.310924047802,0
0.601,99.9771775533222,100.683293896544,0
0.602,104.472797595348,104.484101837502,0
0.603,104.372773223067,104.348838517957,0
0.604,99.2550064293384,100.105673756476,0
0.605,99.1603998969684,98.9055440405846,0
0.606,103.658081010153,103.656653530081,0
0.607,103.559260616267,104.01919415617,0
0.608,98.4435475065067,98.5184518728231,0
0.609,98.350139286912,99.0526060097505,0
0.61,102.8498667247,103.366927494485,0
0.611,102.752239002327,102.898024146712,0
0.612,98.203386735388,97.8145374662322,0
0.613,99.0309524863097,99.3143005350794,0
0.614,102.609745622696,101.918435042955,0
0.615,103.431249883228,103.553487221023,0
0.616,99.2300426875051,99.6342620890889,0
0.617,98.2217260908909,98.3282469400994,0
0.618,103.634130833352,104.073969415468,0
0.619,102.623426781785,103.642864907492,0
0.62,98.4206050140698,98.8825712384143,0
0.621,99.5678316085671,99.701290331865,0
0.622,102.825775367419,103.14660612063,0
0.623,103.966302338374,104.179045016187,0
0.624,98.3172776220069,97.6599158702634,0
0.625,98.7560861537369,98.5478805438872,0
0.626,102.723569702987,103.33591361538,0
0.627,103.157094325573,103.1353022228,0
0.628,98.6186297675299,98.9098414062539,0
0.629,97.9490044128284,97.4457543755188,0
0.63,103.024824873815,103.05708324497,0
0.631,102.352132574716,102.652278549309,0
0.632,97.8133982666183,97.1326407891861,0
0.633,100.523837013348,100.697633329328,0
0.634,102.219434234805,102.128512625575,0
0.635,104.920046068073,104.450278685102,0
0.636,100.805526173007,100.786759578597,0
0.637,99.7044804036957,98.7563281568845,0
0.638,105.203405114084,104.139416729993,0
0.639,104.100163557371,103.511701892013,0
0.64,99.9836947351844,99.4884286249423,0
0.641,98.8878793719632,98.3013632083295,0
0.642,104.384855771607,103.522141876842,0
0.643,103.286830878076,103.430944922908,0
0.644,99.168414373414,98.3713225132805,0
0.645,98.0778019710681,98.1329113956798,0
0.646,103.572831328323,103.966364666502,0
0.647,102.479995733827,102.47888234067,0
0.648,98.3596328386039,98.4061872186333,0
0.649,99.8021429324518,99.613064404157,0
0.65,102.764751797156,102.023413741626,0
0.651,104.199971751857,104.178062459178,0
0.652,98.2416143504304,98.7220269562714,0
0.653,98.9891302222513,99.858252688558,0
0.654,102.647900377157,102.432797255944,0
0.655,103.389514931207,102.575853562973,0
0.656,98.5997787454689,98.6829524916989,0
0.657,98.1807466076683,98.3688795628937,0
0.658,103.005798662625,102.892323430272,0
0.659,102.583198569183,102.008742424373,0
0.66,97.7941980680677,98.8063643678397,0
0.661,99.2149220493258,98.0351602938465,0
0.662,102.201600551814,101.946614528914,0
0.663,103.615075682626,102.954262887221,0
0.664,100.403602968952,100.085538844122,0
0.665,98.4038268526091,98.562752562139,0
0.666,104.803988333193,104.873012320417,0
0.667,102.803811383718,102.448443846313,0
0.668,99.5867725568094,99.9752743201693,0
0.669,98.3953638049519,98.7065607670379,0
0.67,103.989616875334,104.313307317592,0
0.671,102.796188096662,102.583372255832,0
0.672,98.7748518366113,99.2991422168795,0
0.673,98.2983375133411,98.6286910565246,0
0.674,103.180228943588,104.434615180181,0
0.675,102.700262271857,103.231992091378,0
0.676,97.9679879944855,98.5464488211492,0
0.677,98.5822524375266,98.6087418511894,0
0.678,102.375501778065,101.731308776594,0
0.679,102.984130178436,102.798519554687,0
0.68,99.4606735286682,99.0817775704187,0
0.681,97.775717114372,97.4937326558583,0
0.682,103.864515790968,104.142085070969,0
0.683,102.178525447238,101.900136415263,0
0.684,98.6507437181476,98.2031871504064,0
0.685,100.738791515257,100.53412765444,0
0.686,103.054052695478,102.973609312109,0
0.687,105.133521088016,105.338188303244,0
0.688,97.8397570163035,97.3634390177435,0
0.689,99.9202807677356,100.078939503898,0
0.69,102.246317464487,102.285327504976,0
0.691,104.318273607968,104.980466332548,0
0.692,99.9847151936176,99.8781299504068,0
0.693,99.1053340719504,99.0380947496727,0
0.694,104.385655713965,103.799977805005,0
0.695,103.503632414021,102.811001072423,0
0.696,99.1689951144089,99.3242492737091,0
0.697,98.2939525216641,98.1692079894271,0
0.698,103.573194176544,103.825066204413,0
0.699,102.695497469923,102.249166768184,0
0.7,98.3597790965444,99.3140352617235,0
0.701,98.3626869638665,98.423802314119,0
0.702,102.766337072291,103.28985370574,0
0.703,102.764832565903,102.651372466241,0
0.704,97.5552732285082,97.4740222577339,0
0.705,97.975787503517,98.3208134524459,0
0.706,101.964631621319,102.242510007025,0
0.707,102.379895509385,101.819768008641,0
0.708,100.800175476451,100.033828969487,0
0.709,99.4730129204358,98.9240790356655,0
0.71,105.198301937102,104.490415276318,0
0.711,103.869395579737,103.89918087402,0
0.712,99.9788376357106,99.7732121729445,0
0.713,98.6578085553625,98.473803188842,0
0.714,104.380243314248,103.699761749551,0
0.715,103.057454886382,103.44723860075,0
0.716,99.164045129419,99.3837506851959,0
0.717,97.8491184765936,97.804307234723,0
0.718,103.568703875554,104.079293934561,0
0.719,102.252002417288,101.815012684774,0
0.72,98.3557457615102,98.563095908034,0
0.721,99.978118930405,100.152339530381,0
0.722,102.760700405295,102.935327613627,0
0.723,104.375423873208,104.010800239394,0
0.724,97.5480428802062,97.7114630045877,0
0.725,99.1647495587086,98.9073087422454,0
0.726,101.956234002007,101.508010926756,0
0.727,103.56529907603,102.963664982823,0
0.728,100.704661599192,101.223569418935,0
0.729,98.3538985172032,97.9309264110351,0
0.73,105.104193715877,105.017736793748,0
0.731,102.753732627936,102.149406600566,0
0.732,99.8861274021018,99.7375640021041,0
0.733,97.9253304690344,96.3093115710644,0
0.734,104.288543689426,103.745064074696,0
0.735,102.327265933938,101.614047854198,0
0.736,99.0733507924243,98.5661254085716,0
0.737,99.5500984135273,99.4434648193736,0
0.738,103.476580641633,103.313906751453,0
0.739,103.947971537645,104.920170433628,0
0.74,98.2622029281709,97.9763163189962,0
0.741,98.7378654201039,98.6128492810864,0
0.742,102.668678453966,101.884020718796,0
0.743,103.13898314539,102.900291813543,0
0.744,97.5329819026905,96.8639935759094,0
0.745,97.9320332140508,97.9471827259449,0
0.746,101.942450923768,102.368994307528,0
0.747,102.336294663485,102.53842139604,0
0.748,100.42744843511,100.077138328401,0
0.749,99.1910952416187,98.3758237952451,0
0.75,104.826974994563,105.556981587135,0
0.751,103.588694980899,104.613716347368,0
0.752,99.6089053745987,99.6691556744484,0
0.753,98.378319990582,97.8833691884714,0
0.754,104.011700338484,104.610586075642,0
0.755,102.779173330272,102.482845221187,0
0.756,98.7968860641386,98.5619813825264,0
0.757,97.5720389242168,98.0152276127532,0
0.758,103.202923367022,102.510313466467,0
0.759,101.976119884077,100.997742906961,0
0.76,97.9913384770368,98.2016803271375,0
0.761,100.653772906556,100.85414190563,0
0.762,102.396710688699,102.444281767631,0
0.763,105.049414877148,105.297757072966,0
0.764,98.6556974920224,99.1968177901028,0
0.765,99.8356109350243,100.320834829202,0
0.766,103.059894788611,102.775610003417,0
0.767,104.233044207431,104.63803024409,0
0.768,97.8464820600381,97.9331057459541,0
0.769,99.0224985927483,98.7697273084906,0
0.77,102.253920115265,101.65726721982,0
0.771,103.423177176855,103.746662646295,0
0.772,98.9805003904586,98.803689090809,0
0.773,98.2139271449337,98.2371444082777,0
0.774,103.385344962142,102.988871211041,0
0.775,102.615900018537,101.840642781147,0
0.776,98.1725730272373,98.2583662048717,0
0.777,97.870643591495,97.8395740290928,0
0.778,102.580184664564,103.17969860321,0
0.779,102.274451476056,102.67530351122,0
0.78,97.4753776604983,98.0020299500731,0
0.781,99.1828095993093,98.8083712230377,0
0.782,101.883768717918,101.41560546936,0
0.783,103.583377401793,102.948834015359,0
0.784,100.454515889907,100.703506201431,0
0.785,98.3721727536982,99.7667133175201,0
0.786,104.854780169484,105.218566187942,0
0.787,102.772201455268,102.385669404191,0
0.788,99.6374436275202,100.055760504758,0
0.789,97.5642474072743,97.0000822522325,0
0.79,104.04096704923,103.328732003522,0
0.791,101.967513698003,102.326234855757,0
0.792,98.8268766343846,98.437923874292,0
0.793,100.469010287853,100.627003228208,0
0.794,103.229926994194,103.933194563232,0
0.795,104.864373329996,105.064935647862,0
0.796,98.0153728398811,98.4802029820909,0
0.797,99.6517648371657,98.8488637348554,0
0.798,102.421674956524,102.752443078586,0
0.799,104.050387867698,105.119638994612,0
0.8,98.0866529129018,98.3572226196104,0
0.801,98.8401500511817,98.0697114602528,0.001
0.802,102.483552804112,102.381981406701,0.001
0.803,103.221146048224,102.971163437334,0.001
0.804,97.6978284311117,97.8893403875021,0.001
0.805,97.9937847816483,98.1998024707042,0.001
0.806,102.086741161037,102.289487436295,0.001
0.807,102.377716686142,102.195826310702,0.001
0.808,99.2321585008381,98.9325224808171,0.001
0.809,98.4269499505924,98.1321554548833,0.001
0.81,103.616035075385,104.042805492417,0.001
0.811,102.808053065665,101.881549029955,0.001
0.812,98.3823789170931,98.2787273372693,0.001
0.813,97.5812465275511,97.7164356288961,0.001
0.814,102.769650533814,102.443265027785,0.001
0.815,101.965733137435,102.204346779938,0.001
0.816,97.5393758490754,97.5037160240617,0.001
0.817,100.139480113786,99.6703294696514,0.001
0.818,101.926618241414,102.00730000874,0.001
0.819,104.517135055203,104.383043614246,0.001
0.82,100.033918988905,99.8289826650266,0.001
0.821,99.2835497310485,98.9278883757854,0.001
0.822,104.414533682207,104.445256423999,0.001
0.823,103.661284548173,102.738219930124,0.001
0.824,99.1776287966124,98.9784622368734,0.001
0.825,98.431123065732,98.1593490049258,0.001
0.826,103.561664787157,103.105715535013,0.001
0.827,102.812268031748,103.138617327245,0.001
0.828,98.3281675247637,97.9610318954682,0.001
0.829,97.5855030601276,97.8558196050349,0.001
0.83,102.715597519129,103.20351796142,0.001
0.831,101.970030953428,101.891595746065,0.001
0.832,97.4854806956184,97.6243803564801,0.001
0.833,99.9555159689643,100.27527462052,0.001
0.834,101.873068737563,101.832579730032,0.001
0.835,104.33377635232,104.604211424202,0.001
0.836,100.077354835966,99.446072413652,0.001
0.837,99.1006976684269,99.655909588762,0.001
0.838,104.45802207379,103.963240734255,0.001
0.839,103.478937553348,102.564519586246,0.001
0.84,99.2211690700149,99.913418325692,0.001
0.841,98.2492795716178,98.2179161745972,0.001
0.842,103.605256283233,103.829716843243,0.001
0.843,102.63092647662,102.449297240386,0.001
0.844,98.3718095879069,97.8615178913414,0.001
0.845,97.4046618876019,95.8681676179584,0.001
0.846,102.759289497256,103.072428996105,0.001
0.847,101.789688612442,101.646346345836,0.001
0.848,97.5292219401514,97.4305504867259,0.001
0.849,100.551836701872,100.754639388192,0.001
0.85,101.916082437629,101.206408207362,0.001
0.851,104.928265109329,104.563542490337,0.001
0.852,99.805127103625,100.378791024418,0.001
0.853,99.6936751868972,99.9926075033379,0.001
0.854,104.186018047127,103.545377417581,0.001
0.855,104.070408143289,102.968776022204,0.001
0.856,98.9493895848425,98.663766424947,0.001
0.857,98.8392475292746,98.9462457686329,0.001
0.858,103.333702168559,103.80489063521,0.001
0.859,103.219396084518,103.266258829852,0.001
0.86,98.1004816659685,97.5393258052045,0.001
0.861,97.9916374145987,98.1447163238828,0.001
0.862,102.488188583556,101.902021149779,0.001
0.863,102.375174313771,101.894691032003,0.001
0.864,97.2583488434916,96.9314813353126,0.001
0.865,97.9429711308938,97.3282743063942,0.001
0.866,101.64863082583,101.513148260849,0.001
0.867,102.327493586675,101.877518553004,0.001
0.868,100.495888663905,100.353045595104,0.001
0.869,98.0596373947073,97.8284266225304,0.001
0.87,104.876341360518,104.671448753148,0.001
0.871,102.440582141163,102.188812649097,0.001
0.872,99.6392717542956,100.255920310618,0.001
0.873,97.860538230421,98.1656908392079,0.001
0.874,104.022493400802,104.052029478329,0.001
0.875,102.242934122329,101.509460757115,0.001
0.876,98.7881829864776,97.9752813532794,0.001
0.877,98.5493019694136,97.5669257617182,0.001
0.878,103.173269135549,104.475867010986,0.001
0.879,102.93048079437,103.416668199972,0.001
0.88,97.9408188473477,98.0693093321998,0.001
0.881,97.7037485331394,97.2166283034659,0.001
0.882,102.329292642272,101.756110449329,0.001
0.883,102.088307994898,102.362127747138,0.001
0.884,97.5456474012246,98.3281893937658,0.001
0.885,98.9806214009616,98.1339495703011,0.001
0.886,101.93402983762,101.70933115769,0.001
0.887,103.361745506921,103.319599470544,0.001
0.888,99.2883384716371,98.2923398828354,0.001
0.889,98.1323719319286,98.5529947651049,0.001
0.89,103.67234108429,103.465011625562,0.001
0.891,102.514302475049,103.47039289423,0.001
0.892,98.4388097585623,98.2433603924454,0.001
0.893,97.3118837496505,97.5164747909242,0.001
0.894,102.826181445537,102.254967361476,0.001
0.895,101.697121916956,101.384690029138,0.001
0.896,97.5960057792834,97.0116443543261,0.001
0.897,100.578262450901,100.77455009155,0.001
0.898,101.982639499495,102.633559251669,0.001
0.899,104.659795957477,104.362975076557,0.001
0.9,99.1733590428067,99.3915467385877,0.001
0.901,99.4266432105615,99.1744619702986,0.001
0.902,103.556412322468,103.607466179119,0.001
0.903,103.804806868607,104.402932139019,0.001
0.904,98.3219382786317,98.3820796868125,0.001
0.905,98.5750705097229,98.0566488111845,0.001
0.906,102.708397393286,102.279845773842,0.001
0.907,102.9566369008,102.871699748778,0.001
0.908,97.4773155642054,97.3814814241822,0.001
0.909,97.7302896745338,97.2973820706639,0.001
0.91,101.867153327838,101.957485394631,0.001
0.911,102.115231652182,102.748495889969,0.001
0.912,99.2623679012719,99.1367832575527,0.001
0.913,98.6398894490475,98.5376044237159,0.001
0.914,103.645940908119,102.545179955101,0.001
0.915,103.020323839792,102.633067287412,0.001
0.916,98.4119827615549,97.7153464695273,0.001
0.917,97.7928508855113,97.5997335600195,0.001
0.918,102.798953962385,103.061747137444,0.001
0.919,102.176673378892,102.938308016588,0.001
0.92,97.5683804271187,98.4676276530728,0.001
0.921,98.4251782644195,98.3667361309346,0.001
0.922,101.957250107573,101.79715201413,0.001
0.923,102.807945479519,103.216703621137,0.001
0.924,98.9033467238031,99.1484263182151,0.001
0.925,97.5806182963563,97.9632438763642,0.001
0.926,103.289056065335,103.678195587991,0.001
0.927,101.964587385402,101.224434798693,0.001
0.928,98.0572243097539,98.3274062895588,0.001
0.929,99.3189248346279,99.2731553236937,0.001
0.93,102.44373371199,102.063607523511,0.001
0.931,103.698524326412,103.35172660484,0.001
0.932,97.2127039865277,97.8534328628593,0.001
0.933,98.4702160494462,98.0653472440633,0.001
0.934,101.602595658519,100.984186482107,0.001
0.935,102.853202805639,102.960546029705,0.001
0.936,100.309457681173,101.314843564939,0.001
0.937,97.6243337395413,97.6371109562474,0.001
0.938,104.690904974389,104.845054692513,0.001
0.939,102.006769833348,101.537646228034,0.001
0.94,99.454825489633,100.291933465523,0.001
0.941,99.201751621316,99.2642457082385,0.001
0.942,103.837259261543,104.102309889818,0.001
0.943,103.580309107191,103.10427499549,0.001
0.944,98.6021671746509,99.0291885837612,0.001
0.945,98.3509660126943,98.5455388799532,0.001
0.946,102.988009707114,102.410009164638,0.001
0.947,102.732925104949,102.752795168444,0.001
0.948,97.756312752888,97.5310134510342,0.001
0.949,97.5069700168813,97.5615939877142,0.001
0.95,102.145536844612,102.020260423389,0.001
0.951,101.892303569986,101.797352742662,0.001
0.952,97.8499892693332,97.3335325121828,0.001
0.953,99.3379813564991,99.1763353957894,0.001
0.954,102.237101320169,102.620364747221,0.001
0.955,103.717730311109,104.590066900944,0.001
0.956,97.6424021781867,97.0621422151018,0.001
0.957,98.4889347179979,99.67764064419,0.001
0.958,102.030986036934,102.794025018188,0.001
0.959,102.871436927807,102.955690677916,0.001
0.96,98.3852342823889,98.2346310177271,0.001
0.961,97.6444373827411,97.2951102473885,0.001
0.962,102.772434142159,103.188819430048,0.001
0.963,102.028731636451,101.681429009339,0.001
0.964,97.5420881080961,97.311146611529,0.001
0.965,98.7911406350926,99.2329492034531,0.001
0.966,101.930670703137,102.148642794219,0.001
0.967,103.172836542484,103.621210224011,0.001
0.968,98.8070855508759,99.0594515648483,0.001
0.969,97.9445109473059,97.744062379548,0.001
0.97,103.192719783276,102.935795777226,0.001
0.971,102.327484694681,102.725668492798,0.001
0.972,97.9608141392315,97.6252190572278,0.001
0.973,97.5698813056061,98.1632108270393,0.001
0.974,102.349361815508,102.74471280086,0.001
0.975,101.954822299874,102.098683047211,0.001
0.976,97.1203589077618,97.1219719650433,0.001
0.977,99.0170709743517,99.1998795680881,0.001
0.978,101.509980760064,103.273319669234,0.001
0.979,103.398509780669,103.342291449413,0.001
0.98,100.52627447078,99.747977503311,0.001
0.981,98.1677879768557,99.1253391245841,0.001
0.982,104.906527859391,105.21145088601,0.001
0.983,102.548378085066,102.22442227352,0.001
0.984,99.6692598977278,100.977927353753,0.001
0.985,97.3210636909129,97.5965389012856,0.001
0.986,104.052931054344,104.200032896567,0.001
0.987,101.705047568786,101.316125669659,0.001
0.988,98.8190672136118,98.2866021655668,0.001
0.989,100.111123001316,99.2269159851606,0.001
0.99,103.20249888897,102.99103912102,0.001
0.991,104.487587133423,103.961035918828,0.001
0.992,97.9684038051693,98.2922814276552,0.001
0.993,99.2561559682178,99.097341873961,0.001
0.994,102.355242437786,103.239738222379,0.001
0.995,103.636032257875,104.391323455472,0.001
0.996,97.1245406782144,97.2065458366681,0.001
0.997,98.4079996204235,98.2666177631709,0.001
0.998,101.514759056559,102.090841960534,0.001
0.999,102.791260862506,102.218007046447,0.001
1,100.254577329325,100.591426677596,0.001
1.001,97.5626325025888,97.2280760049025,0.001
1.002,104.636250964834,104.436089614517,0.001
1.003,101.945308354116,101.609407140507,0.001
1.004,99.4003969035856,99.6882114118772,0.001
1.005,99.0423492597151,98.6533025020047,0.001
1.006,103.783153363615,103.251372762173,0.001
1.007,103.421439058572,103.697928209216,0.001
1.008,98.5483824644657,98.3366680455475,0.001
1.009,98.1926263589321,98.3734199413562,0.001
1.01,102.934544690713,102.75860006974,0.001
1.011,102.575113935165,102.709884289151,0.001
1.012,97.7031659427061,96.4209412646455,0.001
1.013,97.3496854274164,97.5826174914558,0.001
1.014,102.092706759451,103.019487230697,0.001
1.015,101.735543664375,102.255188334298,0.001
1.016,97.6561462604825,98.1115945502117,0.001
1.017,99.5826125335421,99.4627468902414,0.001
1.018,102.043595209167,102.134094249064,0.001
1.019,103.961821100732,104.083945874139,0.001
1.02,98.0685384077944,98.1167348500643,0.001
1.021,98.7318670990223,98.3166328502127,0.001
1.022,102.455600925472,102.279474832641,0.001
1.023,103.1132158968,103.025828377028,0.001
1.024,97.2251209067988,96.9847941970583,0.001
1.025,97.8866511282026,98.3050694839114,0.001
1.026,101.61555889295,102.884733563645,0.001
1.027,102.271375615925,101.609708490185,0.001
1.028,99.6262819746069,99.6904521062786,0.001
1.029,97.2882880741982,96.5670984975176,0.001
1.03,104.010114840609,104.661368945412,0.001
1.031,101.672413095135,102.377368845145,0.001
1.032,98.776412082992,97.9451405978129,0.001
1.033,99.9601657818116,100.932008021008,0.001
1.034,103.160122680961,102.617773454842,0.001
1.035,104.337125161785,104.450534649296,0.001
1.036,97.9263051877565,98.4757697889989,0.001
1.037,99.1061874811121,99.1797818573482,0.001
1.038,102.313420084712,103.461252991219,0.001
1.039,103.486555498584,104.862834437382,0.001
1.04,97.0829932689594,97.1521521313672,0.001
1.041,98.2590128388193,97.3054797346328,0.001
1.042,101.473485276314,101.290988779627,0.001
1.043,102.642762315027,102.218707309239,0.001
1.044,100.138572218586,99.7561955363257,0.001
1.045,97.4146954558629,96.8508480485944,0.001
1.046,104.520741806475,104.559836254016,0.001
1.047,101.797930627689,102.851245455542,0.001
1.048,99.2853816504276,98.9274579538606,0.001
1.049,99.3717561950879,99.2314983642171,0.001
1.05,103.668153749281,104.251391251539,0.001
1.051,103.749972772753,104.356383482135,0.001
1.052,98.4333993152606,98.6761698087896,0.001
1.053,98.5202894551198,99.0332976982178,0.001
1.054,102.81957882786,103.254941838402,0.001
1.055,102.901909007927,102.711030068672,0.001
1.056,97.5882181823682,97.8026646959197,0.001
1.057,97.6756150627204,97.526049802709,0.001
1.058,101.977777912758,101.527843652759,0.001
1.059,102.06061043962,102.377983170248,0.001
1.06,97.8866343599674,97.9203611553817,0.001
1.061,97.9605566589433,97.8669963865227,0.001
1.062,102.275013900229,102.42087762773,0.001
1.063,102.344399975066,102.838247321022,0.001
1.064,97.0458444585528,97.2423117434916,0.001
1.065,97.1203209306825,97.2175966176956,0.001
1.066,101.437586604246,101.577479082488,0.001
1.067,101.507522381286,101.533132537208,0.001
1.068,100.066753300373,99.6795201784035,0.001
1.069,100.197898919803,100.591289775005,0.001
1.07,104.446355141552,105.150808617049,0.001
1.071,104.572858867902,104.305809576007,0.001
1.072,99.2084432172597,100.172322432166,0.001
1.073,99.3399318480815,99.2518080744527,0.001
1.074,103.59147795576,103.469602774517,0.001
1.075,103.718320574581,103.269520245227,0.001
1.076,98.356985201318,97.9608167687645,0.001
1.077,98.4888086276564,98.0123212821798,0.001
1.078,102.743425437086,102.920378164205,0.001
1.079,102.870598776336,103.669111938292,0.001
1.08,97.5123245619988,97.7760596875697,0.001
1.081,97.6444746554454,98.0715758060213,0.001
1.082,101.902143113657,102.57306637468,0.001
1.083,102.029639088365,100.779872367401,0.001
1.084,98.0508879722286,97.9671083111437,0.001
1.085,97.9372211940552,98.1137288513188,0.001
1.086,102.438798087118,102.797424949863,0.001
1.087,102.320970732386,101.66854491302,0.001
1.088,97.2091607221241,96.7062262462521,0.001
1.089,97.0967986594666,97.4921403943403,0.001
1.09,101.600436441298,101.542150776969,0.001
1.091,101.483907827047,101.760452770986,0.001
1.092,99.2477294516108,98.7674070492512,0.001
1.093,100.163607234172,99.3467060362758,0.001
1.094,103.629822656022,104.010422796955,0.001
1.095,104.539486589814,105.136140165665,0.001
1.096,98.3943937014639,99.2104223094243,0.001
1.097,99.3074737363428,98.5413789348599,0.001
1.098,102.779903046623,102.111476844263,0.001
1.099,103.686771412087,102.949848163083,0.001
1.1,97.5478765660712,97.527045028923,0.001
1.101,98.4581632212848,98.1504095537206,0.001
1.102,101.936774773152,102.59385217754,0.001
1.103,102.840851956848,102.113318665607,0.001
1.104,97.8907536859114,97.0195790756126,0.001
1.105,97.6144386472913,97.7170909889374,0.001
1.106,102.279466986206,102.875932185469,0.001
1.107,101.999315864363,101.59790431521,0.001
1.108,97.0506292693834,96.4178110582644,0.001
1.109,97.9958199164439,97.9211542398521,0.001
1.11,101.441481561659,100.623258222532,0.001
1.111,102.380390975133,102.389063148155,0.001
1.112,99.8860402842831,100.300233917279,0.001
1.113,97.1533637619232,97.262232936114,0.001
1.114,104.269228799668,103.314606349037,0.001
1.115,101.537634441838,101.269223531194,0.001
1.116,99.0348834788275,98.8838673296043,0.001
1.117,100.069944830099,100.976735895551,0.001
1.118,103.417708883561,103.875134759981,0.001
1.119,104.446317286725,104.417776928768,0.001
1.12,98.1830094396235,98.8376904785382,0.001
1.121,99.2147953254256,98.6924274012207,0.001
1.122,102.569245615979,102.395112210812,0.001
1.123,103.594581693833,104.300862274198,0.001
1.124,97.3379432974375,98.0891347617289,0.001
1.125,98.3664600054544,98.731648002723,0.001
1.126,101.72756300754,101.972939143491,0.001
1.127,102.74963306243,102.456569992642,0.001
1.128,98.6170517673742,98.9895015925863,0.001
1.129,97.5227671114758,97.108689626573,0.001
1.13,103.003677844961,103.290938210785,0.001
1.131,101.907195132296,102.048115823619,0.001
1.132,97.7727596162934,98.3424127508086,0.001
1.133,98.3107165677088,98.0977826449229,0.001
1.134,102.161130620877,102.479200566578,0.001
1.135,102.693623287385,103.09021232808,0.001
1.136,96.9319536057268,96.4827650486764,0.001
1.137,97.4686104639169,97.5467328860557,0.001
1.138,101.323689134446,102.122316090084,0.001
1.139,101.854880943391,101.911100798688,0.001
1.14,100.180627984495,100.026315517222,0.001
1.141,98.3697813029717,98.5981111075293,0.001
1.142,104.561716319239,104.424165903955,0.001
1.143,102.750110242744,102.971682047135,0.001
1.144,99.3252810600383,99.2578984966769,0.001
1.145,97.5225346309553,97.513370516086,0.001
1.146,103.709782682227,103.940177394731,0.001
1.147,101.90625724438,102.587414976551,0.001
1.148,98.4767470769362,98.7026843606265,0.001
1.149,98.316036661027,99.1402284895501,0.001
1.15,102.863000799044,101.848819818618,0.001
1.151,102.698225550245,102.473597144522,0.001
1.152,97.631713571097,97.749710171953,0.001
1.153,97.4724991600231,97.0549126781314,0.001
1.154,102.021345931224,101.38336834952,0.001
1.155,101.858060316612,102.166577857252,0.001
1.156,97.2219224259523,97.5282731778059,0.001
1.157,98.3328235145495,98.4775140921969,0.001
1.158,101.61192383516,101.809581896344,0.001
1.159,102.716213120171,102.280931699142,0.001
1.16,98.9967082678283,98.7478640787262,0.001
1.161,97.4890677725424,97.4357318640143,0.001
1.162,103.382229075252,103.038314507538,0.001
1.163,101.873218340149,102.03915877864,0.001
1.164,98.1502091696864,99.3328215409858,0.001
1.165,98.3895491081174,98.1484337488825,0.001
1.166,102.537368993069,102.86109309642,0.001
1.167,102.7718430918,102.254630733183,0.001
1.168,97.3069850429982,97.9767623419503,0.001
1.169,97.5462205774815,97.0616503995671,0.001
1.17,101.697517867292,101.801875667928,0.001
1.171,101.931884397882,101.622587720202,0.001
1.172,98.539068684743,98.7950765066112,0.001
1.173,97.9766665104473,97.9823435959977,0.001
1.174,102.925474812178,102.903480499045,0.001
1.175,102.359811036104,103.834357306762,0.001
1.176,97.6943385767057,97.379315479942,0.001
1.177,97.1350372644187,97.1115975646496,0.001
1.178,102.084120523711,103.425633279097,0.001
1.179,101.521548032102,100.948202689012,0.001
1.18,96.9056659724518,97.1821653451849,0.001
1.181,99.6982096331928,99.1599804286466,0.001
1.182,101.295250764901,101.810570556945,0.001
1.183,104.077819753528,104.241584659766,0.001
1.184,100.401952813978,100.728015219613,0.001
1.185,98.8451843414538,98.7057537832599,0.001
1.186,104.465550228385,104.588146025247,0.001
1.187,103.224183238201,103.960439977612,0.001
1.188,99.2289293944619,98.0913786232882,0.001
1.189,97.995281759092,97.1786363966314,0.001
1.19,103.613247324519,103.820981793009,0.001
1.191,102.37768266649,102.050298240561,0.001
1.192,98.3800298998794,98.2318557421761,0.001
1.193,97.1521695885909,96.4037101503671,0.001
1.194,102.767737640591,102.315320416927,0.001
1.195,101.537945342184,101.335854569669,0.001
1.196,97.5378964823272,97.1749973993027,0.001
1.197,99.5789925474826,99.1457500348028,0.001
1.198,101.925703800333,101.714780410112,0.001
1.199,103.95832986604,103.486996703899,0.001
1.2,97.6722987227044,98.3432405813333,0.001
1.201,98.728782577719,98.2345652215716,0.001
1.202,102.060553043959,102.96952438778,0.001
1.203,103.110535676942,102.923317373688,0.001
1.204,97.0106394312162,96.2847690712575,0.001
1.205,97.8841934304798,97.5748525266961,0.001
1.206,101.401723319492,101.86897380064,0.001
1.207,102.269139126869,102.797103755115,0.001
1.208,99.636129353947,99.7162429923214,0.001
1.209,97.0426955801343,97.1863957402559,0.001
1.21,104.020178270305,104.336631058826,0.001
1.211,101.427547315124,100.698026380582,0.001
1.212,98.786690188179,98.4958353254454,0.001
1.213,100.103297536328,99.1882228752763,0.001
1.214,103.170226820078,102.945675280153,0.001
1.215,104.479817416899,104.9544547687,0.001
1.216,97.936236322201,98.2949570269234,0.001
1.217,99.248441728326,100.392356031161,0.001
1.218,102.323179171506,102.406543003181,0.001
1.219,103.62837322397,102.55012784812,0.001
1.22,97.0925812607676,97.9372809144809,0.001
1.221,98.4003955230368,99.0415358965831,0.001
1.222,101.482903121462,101.191587639289,0.001
1.223,102.783711433346,102.895018673663,0.001
1.224,99.2436759438213,99.6334016802525,0.001
1.225,97.5561166231024,97.7484702018953,0.001
1.226,103.628388799367,103.976572260808,0.001
1.227,101.939819884434,101.883462104847,0.001
1.228,98.3955638130842,98.3761519626202,0.001
1.229,97.8446168137618,97.8886611283182,0.001
1.23,102.782532504831,102.387704518223,0.001
1.231,102.228300430816,102.939780740215,0.001
1.232,97.5519566068859,97.5551224489507,0.001
1.233,97.0040635729163,97.3473039968333,0.001
1.234,101.942296673492,101.514829856668,0.001
1.235,101.391109085524,100.853491426785,0.001
1.236,97.1915331761791,97.1460495505823,0.001
1.237,99.9371676447244,99.8107817282549,0.001
1.238,101.580021409006,102.177433318323,0.001
1.239,104.315776120381,104.618807975063,0.001
1.24,98.9673360133586,99.2375932279397,0.001
1.241,99.0838614560067,98.3613917463993,0.001
1.242,103.351350143863,102.867503240009,0.001
1.243,103.463258521495,103.564284190604,0.001
1.244,98.1178328349094,97.9438938483669,0.001
1.245,98.2347509130955,98.8797949081731,0.001
1.246,102.505244585492,103.175821494932,0.001
1.247,102.617541415771,102.32714257107,0.001
1.248,97.2751113103194,97.7126791113152,0.001
1.249,97.3924136802131,98.0901386236794,0.001
1.25,101.665893562708,101.826386173685,0.001
1.251,101.77857054561,102.59026177482,0.001
1.252,98.2931606702653,98.8243773248197,0.001
1.253,98.2438947020893,98.3509473211066,0.001
1.254,102.680037293552,103.118438894535,0.001
1.255,102.626482980689,102.723686486335,0.001
1.256,97.4493706986911,97.2419246188072,0.001
1.257,97.4011541610487,97.5803835282463,0.001
1.258,101.839621432434,101.857732766456,0.001
1.259,101.787111077133,101.604795493089,0.001
1.26,97.5780978034889,98.4636075869981,0.001
1.261,98.2237324209289,98.3343689547867,0.001
1.262,101.967139777658,103.332328570092,0.001
1.263,102.607094083888,102.459011392215,0.001
1.264,97.1407670652258,97.4229148411933,0.001
1.265,97.3821320345716,98.1734423660952,0.001
1.266,101.531962631996,102.896577693601,0.001
1.267,101.768453675836,101.920235816256,0.001
1.268,98.8563579374925,98.4612286981936,0.001
1.269,98.2862458033378,98.6879359195911,0.001
1.27,103.241502617877,102.581551266697,0.001
1.271,102.66814556331,102.531222683497,0.001
1.272,98.0091099644597,98.145043425261,0.001
1.273,97.4421320166555,98.1869087705486,0.001
1.274,102.39764050255,103.116211264945,0.001
1.275,101.827407980103,101.813627281823,0.001
1.276,97.1686201730619,97.6305858306252,0.001
1.277,98.1053263938918,97.9446861839089,0.001
1.278,101.559008986149,101.889571429224,0.001
1.279,102.489451405724,103.447098374994,0.001
1.28,98.8036856684562,98.8820654733647,0.001
1.281,97.2631793658384,97.1129111368664,0.001
1.282,103.190011432085,102.93999404335,0.001
1.283,101.648199816309,102.006435506594,0.001
1.284,97.9587931979724,98.6274375614935,0.001
1.285,98.916789577453,99.9796295508815,0.001
1.286,102.346000028801,102.37302292102,0.001
1.287,103.297693208692,103.379211167708,0.001
1.288,97.1156643355059,96.7993109652709,0.001
1.289,98.0706844647303,98.8766802110879,0.001
1.29,101.506246658035,101.468522295941,0.001
1.291,102.454966164678,102.218347593012,0.001
1.292,98.9906758014375,100.082796194866,0.001
1.293,97.2286105903826,97.633551143519,0.001
1.294,103.376475163443,103.734646565581,0.001
1.295,101.613548283448,101.110762716216,0.001
1.296,98.1447321896691,98.3617254962852,0.001
1.297,99.0486637761792,99.3087355724917,0.001
1.298,102.531249329324,101.985127070653,0.001
1.299,103.428986535521,103.31608930962,0.001
1.3,97.3002265948004,97.0977657065258,0.001
1.301,98.20139934932,98.46532895703,0.001
1.302,101.690124515667,101.186643083609,0.001
1.303,102.585105026756,103.129618412059,0.001
1.304,98.2090697182318,99.1015070740425,0.001
1.305,97.3591406419579,97.207263381898,0.001
1.306,102.597083368435,102.592735052688,0.001
1.307,101.744466136664,101.997783649931,0.001
1.308,97.3675476521931,97.9691736465358,0.001
1.309,98.4059433576472,98.6669522224966,0.001
1.31,101.757039065879,101.955562112027,0.001
1.311,102.788968488508,102.547563068349,0.001
1.312,97.9545159064042,97.8387673091611,0.001
1.313,97.5626470671365,97.8693396733032,0.001
1.314,102.343089711618,103.184514979784,0.001
1.315,101.947616036223,102.231812823143,0.001
1.316,97.1141128264468,96.5110981993223,0.001
1.317,97.5459997160408,97.7625299105225,0.001
1.318,101.505224488251,101.459164114002,0.001
1.319,101.931856492404,101.809829023422,0.001
1.32,98.9149521238391,98.8053577923158,0.001
1.321,97.5441018274646,97.1042184692703,0.001
1.322,103.30066316564,103.140261003096,0.001
1.323,101.928168858817,101.535961211939,0.001
1.324,98.0688330072844,97.8863517433149,0.001
1.325,97.7227433151735,97.7813786013702,0.001
1.326,102.456903764947,102.544073609333,0.001
1.327,102.107118181463,101.999289974941,0.001
1.328,97.2274259354711,97.1511201956588,0.001
1.329,96.9014237286691,96.9182678386009,0.001
1.33,101.618842233936,101.847983336686,0.001
1.331,101.289100615249,101.92991622569,0.001
1.332,98.3877333440841,98.6977783698632,0.001
1.333,100.202415417202,100.059078485971,0.001
1.334,102.772367728635,103.07137558576,0.001
1.335,104.347687773808,104.224921436132,0.001
1.336,97.5397029376749,96.6493343501114,0.001
1.337,99.117105007549,97.9434853930765,0.001
1.338,101.927966723854,101.071169074443,0.001
1.339,103.497825725803,103.379262095319,0.001
1.34,97.282914169246,96.9731012618301,0.001
1.341,98.2700493344559,97.9099691446272,0.001
1.342,101.672795377404,101.69312396422,0.001
1.343,102.653566391075,102.324075676783,0.001
1.344,98.2387850496887,97.9235275332745,0.001
1.345,97.4273669068522,97.7321794524428,0.001
1.346,102.626641327633,103.017808812882,0.001
1.347,101.812458164804,103.030750343842,0.001
1.348,97.3969489454851,97.548152653754,0.001
1.349,98.0790762713486,98.1082361982929,0.001
1.35,101.786679022377,101.49961204118,0.001
1.351,102.463052363512,102.365446162987,0.001
1.352,97.7523984412867,97.7271328025239,0.001
1.353,97.2379108079803,96.360023287616,0.001
1.354,102.141903335155,102.013224523364,0.001
1.355,101.624055172221,101.998826114907,0.001
1.356,96.9138535699772,96.6284714154773,0.001
1.357,98.8192828024497,99.0663994904263,0.001
1.358,101.304292726465,101.800012945877,0.001
1.359,103.201520661316,103.740090718033,0.001
1.36,99.8223441060376,100.210765005141,0.001
1.361,97.9720937552259,96.8421735794605,0.001
1.362,104.204904979964,103.922716634399,0.001
1.363,102.35397256898,102.804718286527,0.001
1.364,98.9699362924554,99.1672740582396,0.001
1.365,97.1279407149809,97.1303679268404,0.001
1.366,103.355898542863,103.574357856877,0.001
1.367,101.513200994293,102.078237354291,0.001
1.368,98.1243176462402,98.2012030167856,0.001
1.369,99.3387141340333,98.9594005556617,0.001
1.37,102.510605979167,102.420524430606,0.001
1.371,103.718187385652,103.614292592598,0.001
1.372,97.2793559738443,97.7277286178112,0.001
1.373,98.4897534675213,98.6959073185415,0.001
1.374,101.669028152455,101.94278799607,0.001
1.375,102.872615178966,102.946532700741,0.001
1.376,98.196692871638,98.0155592939563,0.001
1.377,97.6458006405577,97.676371288068,0.001
1.378,102.584456992383,102.692809767643,0.001
1.379,102.030278781644,101.331217575085,0.001
1.38,97.3546733426238,97.4441085291169,0.001
1.381,97.0961713897485,97.5599634988513,0.001
1.382,101.745513151206,101.690424183352,0.001
1.383,101.483137362428,102.269336301815,0.001
1.384,97.7496441683146,98.0298894753127,0.001
1.385,99.2800083253869,99.0698360225731,0.001
1.386,102.137115227484,102.060142532651,0.001
1.387,103.660031185183,103.522431888472,0.001
1.388,96.9070438506167,97.0276040780062,0.001
1.389,98.4321440477771,98.8094872446494,0.001
1.39,101.297890575017,101.151935625125,0.001
1.391,102.815549725059,103.044772415047,0.001
1.392,99.7090343044368,100.586678620309,0.001
1.393,97.5873940415791,98.0531393373499,0.001
1.394,104.092319807482,104.504952028197,0.001
1.395,101.970539539647,101.563135972673,0.001
1.396,98.8580723085198,98.5909702190275,0.001
1.397,97.4573822817655,97.5786581112966,0.001
1.398,103.244040709312,103.193716734776,0.001
1.399,101.841766094211,101.029241869472,0.001
1.4,98.0124668210903,97.2552552449393,0.001
1.401,97.8877448101218,98.4008395063979,0.001
1.402,102.400541675817,102.021477937837,0.001
1.403,102.271681034016,103.310853428572,0.001
1.404,97.1710683697555,96.0600750671503,0.001
1.405,97.0476949225438,97.272076741802,0.001
1.406,101.562507469724,101.562820527427,0.001
1.407,101.434989330306,101.056869675749,0.001
1.408,98.446948794176,98.6491112072434,0.001
1.409,99.4102751221558,99.0133486845149,0.001
1.41,102.832197672671,103.262089270538,0.001
1.411,103.789212099117,103.822646704425,0.001
1.412,97.5999118675542,96.7802181707053,0.001
1.413,98.5602445509517,97.3478695942656,0.001
1.414,101.988551887401,101.846636924249,0.001
1.415,102.942575265411,103.515478414896,0.001
1.416,96.8080126121099,96.8985972568828,0.001
1.417,97.7169395270031,97.7440646412754,0.001
1.418,101.199871634747,101.543748461884,0.001
1.419,102.102588836787,101.405885185795,0.001
1.42,99.9738031823906,100.686486050484,0.001
1.421,96.8763072670946,96.4293816881652,0.001
1.422,104.357005465576,104.375887815553,0.001
1.423,101.261321339828,101.079536695733,0.001
1.424,99.1226731278398,99.1974513690701,0.001
1.425,100.342951291092,99.3706922380106,0.001
1.426,103.504962157165,104.266909604433,0.001
1.427,103.588551834063,103.861456918095,0.001
1.428,98.2708587188596,99.2758224661205,0.001
1.429,98.3595153198421,99.0678506502712,0.001
1.43,102.657686627383,102.66342696016,0.001
1.431,102.741779087255,102.272254426715,0.001
1.432,97.4269717884138,96.5575175944066,0.001
1.433,97.516126778205,97.5246122639896,0.001
1.434,101.81717474627,101.926754293062,0.001
1.435,101.901761223124,102.424671528192,0.001
1.436,97.3219252928616,96.8464339658767,0.001
1.437,97.3905339988359,97.7879327102668,0.001
1.438,101.712568982984,101.748283887928,0.001
1.439,101.776649827856,101.38980637672,0.001
1.44,97.7554206781051,98.1425015999031,0.001
1.441,97.9109552008801,98.0437825598695,0.001
1.442,102.14424346087,102.026690695408,0.001
1.443,102.295078091817,103.233724204296,0.001
1.444,96.9155156523955,97.2201353536161,0.001
1.445,97.0712773418888,97.0161404023872,0.001
1.446,101.307697828096,101.446426563885,0.001
1.447,101.458755812035,101.502278769271,0.001
1.448,99.4132308741117,99.5000273998304,0.001
1.449,99.2045399814499,99.4313355581354,0.001
1.45,103.795786641508,103.494027626014,0.001
1.451,103.583130574864,103.184618610866,0.001
1.452,98.5608161510086,98.7411405997554,0.001
1.453,98.3538203669884,99.2963662056592,0.001
1.454,102.946779882189,102.793368966862,0.001
1.455,102.735812126005,102.229450145537,0.001
1.456,97.715203730416,97.5959309764254,0.001
1.457,97.5098894858968,97.2678820802561,0.001
1.458,102.104548229739,101.940875968895,0.001
1.459,101.895255269209,102.133014261201,0.001
1.46,96.8763393297804,96.8113368842092,0.001
1.461,97.4176165072381,97.1204398664093,0.001
1.462,101.268292695284,101.046409240231,0.001
1.463,101.804095365021,101.14283054115,0.001
1.464,99.5608005344465,99.1310399513354,0.001
1.465,97.7316721404992,97.0251715542611,0.001
1.466,103.944386460703,103.686393510522,0.001
1.467,102.114532737617,101.571983689256,0.001
1.468,98.7104387685829,98.3568594732025,0.001
1.469,96.8894787006355,96.7386514277581,0.001
1.47,103.097417973577,102.497197721676,0.001
1.471,101.27571284656,101.266031713439,0.001
1.472,97.8668500068092,98.0370352889039,0.001
1.473,100.050987690476,99.5693721993761,0.001
1.474,102.253198469098,102.810159762089,0.001
1.475,104.428581528935,103.635528815923,0.001
1.476,97.0220102921621,96.8261129626494,0.001
1.477,99.1982737740561,98.4559306625661,0.001
1.478,101.411745987512,101.239432403426,0.001
1.479,103.579267206746,102.917309253881,0.001
1.48,99.0749003985091,98.7874829230916,0.001
1.481,98.3494545047277,97.9791011409231,0.001
1.482,103.459326242809,102.866825305565,0.001
1.483,102.730946814971,101.69851679673,0.001
1.484,98.2262173172655,98.5087472233919,0.001
1.485,97.5045277572085,98.504598940505,0.001
1.486,102.614034137556,103.725697997673,0.001
1.487,101.889400139799,101.643311346858,0.001
1.488,97.384302635004,97.3613011677563,0.001
1.489,97.3885756673981,97.1557021644806,0.001
1.49,101.774761151432,101.812734867494,0.001
1.491,101.774635179245,101.315250357165,0.001
1.492,97.3665268625727,96.4067935976611,0.001
1.493,97.7923240313839,97.7741024598787,0.001
1.494,101.756634957954,101.144072099236,0.001
1.495,102.177190424332,101.225973265435,0.001
1.496,97.4939697052549,98.6810939806724,0.001
1.497,96.9531648833535,96.8364920264746,0.001
1.498,101.884534631256,102.086475000902,0.001
1.499,101.340420854072,101.936655153741,0.001
1.5,96.9010296040213,96.0586501797508,0.001
